/* DADOS PARA TABELA PESSOA */

-- Juízes
INSERT INTO pessoa (cpf, nome, rg, telefone, endereco, dt_nasc)
	VALUES ('40056029861', 'João', '100002013', '1633782534', 'avenida são carlos, nº100, são carlos - SP', TO_DATE('1995/09/02', 'YYYY/MM/DD'));

INSERT INTO pessoa (cpf, nome, rg, telefone, endereco, dt_nasc)
	VALUES ('50056029861', 'Luiz', '151002013', '1633782534', 'rua xv de novembro, nº356, são carlos - SP', TO_DATE('1994/11/02', 'YYYY/MM/DD'));

-- Jogadores
INSERT INTO pessoa (cpf, nome, rg, telefone, endereco, dt_nasc)
	VALUES ('60056029861', 'Fernando', '122002013', '1633782534', 'rua bruno lazarini, nº36, ibate- SP', TO_DATE('2000/10/02', 'YYYY/MM/DD'));
	
INSERT INTO pessoa (cpf, nome, rg, telefone, endereco, dt_nasc)
	VALUES ('70056029861', 'João Pedro', '191002013', '1633782534', 'avenida paulista, nº100, são paulo - SP', TO_DATE('2000/05/02', 'YYYY/MM/DD'));
	
INSERT INTO pessoa (cpf, nome, rg, telefone, endereco, dt_nasc)
	VALUES ('80056029861', 'Arnaldo', '255002013', '1633782534', 'avenida getulio vargas, nº1560, frutal - MG', TO_DATE('1997/11/23', 'YYYY/MM/DD'));

	

INSERT INTO pessoa (cpf, nome, rg, telefone, endereco, dt_nasc)
	VALUES ('29047289458', 'Gabriel', '964018926', '1633782534', 'rua paganini, nº34, ibate- SP', TO_DATE('2001/10/02', 'YYYY/MM/DD'));
	
INSERT INTO pessoa (cpf, nome, rg, telefone, endereco, dt_nasc)
	VALUES ('68246029836', 'Mateus', '708216276', '1633782534', 'avenida jk, nº100, são paulo - SP', TO_DATE('2002/02/13', 'YYYY/MM/DD'));
	
INSERT INTO pessoa (cpf, nome, rg, telefone, endereco, dt_nasc)
	VALUES ('78352029833', 'Andre', '360612340', '1633782534', 'avenida getulio vargas, nº156, frutal - MG', TO_DATE('1996/07/27', 'YYYY/MM/DD'));



INSERT INTO pessoa (cpf, nome, rg, telefone, endereco, dt_nasc)
	VALUES ('90056029861', 'Thiago', '446048470', '1633782534', 'avenida são carlos, nº100, são paulo - sp', TO_DATE('1997/05/28', 'YYYY/MM/DD'));
INSERT INTO pessoa (cpf, nome, rg, telefone, endereco, dt_nasc)
	VALUES ('10556035061', 'Fernanda', '232050319', '1633782534', 'rua bela vista, nº10, são paulo - sp', TO_DATE('1996/10/25', 'YYYY/MM/DD'));
INSERT INTO pessoa (cpf, nome, rg, telefone, endereco, dt_nasc)
	VALUES ('97056029861', 'Felipe', '988062741', '1633782534', 'rua iguatemi, nº100, são paulo - sp', TO_DATE('2001/08/25', 'YYYY/MM/DD'));
	


INSERT INTO pessoa (cpf, nome, rg, telefone, endereco, dt_nasc)
	VALUES ('74890029861', 'Paulo', '795679307', '1633782534', 'avenida são carlense, nº13, são carlos - SP', TO_DATE('1993/11/02', 'YYYY/MM/DD'));
INSERT INTO pessoa (cpf, nome, rg, telefone, endereco, dt_nasc)
	VALUES ('65748323498', 'José', '521296426', '1633782534', 'rua 7 de setembro, nº95, são carlos - SP', TO_DATE('1993/04/07', 'YYYY/MM/DD'));
INSERT INTO pessoa (cpf, nome, rg, telefone, endereco, dt_nasc)
	VALUES ('23456789861', 'Carlos', '411797504', '1633782534', 'avenida petroni, nº150, são carlos - SP', TO_DATE('1999/12/24', 'YYYY/MM/DD'));
	


INSERT INTO pessoa (cpf, nome, rg, telefone, endereco, dt_nasc)
	VALUES ('63146729762', 'Sabrina', '231173886', '1633782534', 'rua parana, nº36, são carlos- SP', TO_DATE('2001/11/01', 'YYYY/MM/DD'));
	
INSERT INTO pessoa (cpf, nome, rg, telefone, endereco, dt_nasc)
	VALUES ('20394857610', 'Giovana', '191002013', '1633782534', 'avenida carlinhos, nº100, são paulo - SP', TO_DATE('2000/04/18', 'YYYY/MM/DD'));
	
INSERT INTO pessoa (cpf, nome, rg, telefone, endereco, dt_nasc)
	VALUES ('01928471284', 'Ana', '845828199', '1633782534', 'avenida getulio vargas, nº1560, frutal - MG', TO_DATE('1998/07/06', 'YYYY/MM/DD'));



INSERT INTO pessoa (cpf, nome, rg, telefone, endereco, dt_nasc)
	VALUES ('78326029853', 'Gabriela', '270002013', '1633782534', 'avenida são jose, nº100, são carlos - sp', TO_DATE('1999/12/03', 'YYYY/MM/DD'));
INSERT INTO pessoa (cpf, nome, rg, telefone, endereco, dt_nasc)
	VALUES ('12984650972', 'Samuel', '151352013', '1633782534', 'rua samambaia da locura, nº10, são paulo - sp', TO_DATE('1999/11/30', 'YYYY/MM/DD'));
INSERT INTO pessoa (cpf, nome, rg, telefone, endereco, dt_nasc)
	VALUES ('19283748123', 'Marcos', '230318110', '1633782534', 'avenida salamandra da alvorada, nº69, são paulo - sp', TO_DATE('2001/08/14', 'YYYY/MM/DD'));
	


INSERT INTO pessoa (cpf, nome, rg, telefone, endereco, dt_nasc)
	VALUES ('11298836036', 'Bruno', '352562013', '1633782534', 'avenida santo pai amado, nº10, são carlos - SP', TO_DATE('1995/06/07', 'YYYY/MM/DD'));
INSERT INTO pessoa (cpf, nome, rg, telefone, endereco, dt_nasc)
	VALUES ('82640026428', 'Augusto', '207862013', '1633782534', 'rua henrique bredda, nº9705, são carlos - SP', TO_DATE('1996/04/22', 'YYYY/MM/DD'));
INSERT INTO pessoa (cpf, nome, rg, telefone, endereco, dt_nasc)
	VALUES ('44820065231', 'Marcelo', '200352013', '1633782534', 'avenida dos deuses, nº15, araraquara - SP', TO_DATE('2001/10/12', 'YYYY/MM/DD'));
----------------------------------------------------------------------------------------------------------------------------------------------------

/* DADOS PARA TABELA TIME */

INSERT INTO TIME (sigla, nome, fundador) 
	VALUES ('paiN', 'painN Gaming', 'João da Silva');
INSERT INTO TIME (sigla, nome, fundador) 
	VALUES ('CNB', 'CNB eSports Club', 'Matheus Vidal');
INSERT INTO TIME (sigla, nome, fundador) 
	VALUES ('INTZ', 'INTZ E-Sports', 'Pedro Magalhães');
INSERT INTO TIME (sigla, nome, fundador) 
	VALUES ('KBM', 'Kabum eSports', 'Jorge Luiz');
INSERT INTO TIME (sigla, nome, fundador) 
	VALUES ('Keyd', 'Vivo Keyd', 'Pedro Oliveira');
INSERT INTO TIME (sigla, nome, fundador) 
	VALUES ('RED', 'RED Canids', 'Fernando');
INSERT INTO TIME (sigla, nome, fundador) 
	VALUES ('FLA', 'Flamengo eSports', 'Zico');

----------------------------------------------------------------------------------------------------------------------------------------------------

/* DADOS PARA TABELA JOGADOR */


INSERT INTO JOGADOR (gamertag, time, cpf)
    VALUES ('Yang', 'paiN', '60056029861');
INSERT INTO JOGADOR (gamertag, time, cpf)
    VALUES ('MINERVA', 'paiN', '70056029861');
INSERT INTO JOGADOR (gamertag, time, cpf)
    VALUES ('TIGER', 'paiN', '80056029861');

INSERT INTO JOGADOR (gamertag, time, cpf)
    VALUES ('FREIRE', 'CNB', '29047289458');
INSERT INTO JOGADOR (gamertag, time, cpf)
    VALUES ('CROKK', 'CNB', '68246029836');
INSERT INTO JOGADOR (gamertag, time, cpf)
    VALUES ('ASLAN', 'CNB', '78352029833');

INSERT INTO JOGADOR (gamertag, time, cpf)
    VALUES ('TAY', 'INTZ', '90056029861');
INSERT INTO JOGADOR (gamertag, time, cpf)
    VALUES ('RAZ', 'INTZ', '10556035061');
INSERT INTO JOGADOR (gamertag, time, cpf)
    VALUES ('SLAYER', 'INTZ', '97056029861');

INSERT INTO JOGADOR (gamertag, time, cpf)
    VALUES ('WIZER', 'KBM', '74890029861');
INSERT INTO JOGADOR (gamertag, time, cpf)
    VALUES ('OWSLA', 'KBM', '65748323498');
INSERT INTO JOGADOR (gamertag, time, cpf)
    VALUES ('YURIK', 'KBM', '23456789861');

INSERT INTO JOGADOR (gamertag, time, cpf)
    VALUES ('LEP', 'Keyd', '63146729762');
INSERT INTO JOGADOR (gamertag, time, cpf)
    VALUES ('NAWKIN', 'Keyd', '20394857610');
INSERT INTO JOGADOR (gamertag, time, cpf)
    VALUES ('DRDOOM', 'Keyd', '01928471284');

INSERT INTO JOGADOR (gamertag, time, cpf)
    VALUES ('LOOP', 'RED', '78326029853');
INSERT INTO JOGADOR (gamertag, time, cpf)
    VALUES ('SPEEDY', 'RED', '12984650972');
INSERT INTO JOGADOR (gamertag, time, cpf)
    VALUES ('KRAZY', 'RED', '19283748123');

INSERT INTO JOGADOR (gamertag, time, cpf)
    VALUES ('ROBO', 'FLA', '11298836036');
INSERT INTO JOGADOR (gamertag, time, cpf)
    VALUES ('NINJAX', 'FLA', '82640026428');
INSERT INTO JOGADOR (gamertag, time, cpf)
    VALUES ('SALAMASTER', 'FLA', '44820065231');



----------------------------------------------------------------------------------------------------------------------------------------------------

/* DADOS PARA TABELA PATROCINADOR */

INSERT INTO patrocinador_jogador (patrocinador, jogador, quantia)
	VALUES ('Nestle', 'Yang', 10165);
INSERT INTO patrocinador_jogador (patrocinador, jogador, quantia)
	VALUES ('Google', 'ROBO', 15165);
INSERT INTO patrocinador_jogador (patrocinador, jogador, quantia)
	VALUES ('Kabum', 'WIZER', 1165);
	

----------------------------------------------------------------------------------------------------------------------------------------------------

/* DADOS PARA TABELA JOGO */

INSERT INTO jogo (nome, desenvolvedor, versao)
	VALUES ('League of Legends', 'RIOT Games', '9.22');
INSERT INTO jogo (nome, desenvolvedor, versao)
	VALUES ('Counter Strike Global Offensive', 'Valve', '2.0');
INSERT INTO jogo (nome, desenvolvedor, versao)
	VALUES ('Fortnite', 'Epic Games', '3.4');

----------------------------------------------------------------------------------------------------------------------------------------------------

/* DADOS PARA TABELA TIPO_CAMPEONATO */

INSERT INTO tipo_campeonato (jogo, nome, qtd_equipes, tipo_pontuacao, tamanho_equipes)
	VALUES('Counter Strike Global Offensive', 'CS GO', 10, 'Rounds', 5);
INSERT INTO tipo_campeonato (jogo, nome, qtd_equipes, tipo_pontuacao, tamanho_equipes)
	VALUES('Fortnite', 'Fortnite', 25, 'Mata Mata', 4);
INSERT INTO tipo_campeonato (jogo, nome, qtd_equipes, tipo_pontuacao, tamanho_equipes)
	VALUES('League of Legends', 'LOL', 15, 'Tabela de Pontos', 5);

----------------------------------------------------------------------------------------------------------------------------------------------------

/* DADOS PARA TABELA CAMPEONATO */

INSERT INTO campeonato (jogo, tipo_campeonato, dt_inicio, dt_termino)
	VALUES('Counter Strike Global Offensive', 'CS GO', TO_DATE('27/11/2019', 'DD/MM/YYYY'), TO_DATE('23/12/2019', 'DD/MM/YYYY'));
INSERT INTO campeonato (jogo, tipo_campeonato, dt_inicio, dt_termino)
	VALUES('Fortnite', 'Fortnite', TO_DATE('27/11/2019', 'DD/MM/YYYY'), TO_DATE('23/12/2019', 'DD/MM/YYYY'));

----------------------------------------------------------------------------------------------------------------------------------------------------

/* DADOS PARA TABELA PREMIACAO */ 

INSERT INTO premiacao (id_campeonato, colocacao, premio)
	VALUES (1, 1, '1000');

INSERT INTO premiacao (id_campeonato, colocacao, premio)
	VALUES (1, 2, '500');

INSERT INTO premiacao (id_campeonato, colocacao, premio)
	VALUES (1, 3, 'Vaga para o próximo ano.');

----------------------------------------------------------------------------------------------------------------------------------------------------

/* DADOS PARA TABELA EQUIPE */

INSERT INTO equipe (time, id_campeonato) VALUES ('paiN', 1);
INSERT INTO equipe (time, id_campeonato) VALUES ('paiN', 2);

INSERT INTO equipe (time, id_campeonato) VALUES ('CNB', 1);
INSERT INTO equipe (time, id_campeonato) VALUES ('CNB', 2);  

INSERT INTO equipe (time, id_campeonato) VALUES ('INTZ', 1); 
INSERT INTO equipe (time, id_campeonato) VALUES ('INTZ', 2);

INSERT INTO equipe (time, id_campeonato) VALUES ('KBM', 1);
INSERT INTO equipe (time, id_campeonato) VALUES ('KBM', 2);  

INSERT INTO equipe (time, id_campeonato) VALUES ('Keyd', 1);  
INSERT INTO equipe (time, id_campeonato) VALUES ('Keyd', 2);

INSERT INTO equipe (time, id_campeonato) VALUES ('RED', 1);
INSERT INTO equipe (time, id_campeonato) VALUES ('RED', 2);

INSERT INTO equipe (time, id_campeonato) VALUES ('FLA', 1);
INSERT INTO equipe (time, id_campeonato) VALUES ('FLA', 2); 
 

----------------------------------------------------------------------------------------------------------------------------------------------------

/* DADOS PARA TABELA JOGADOR EQUIPE */

INSERT INTO JOGADOR_EQUIPE (id_equipe, gamertag) VALUES (1, 'Yang');
INSERT INTO JOGADOR_EQUIPE (id_equipe, gamertag) VALUES (1, 'MINERVA');
INSERT INTO JOGADOR_EQUIPE (id_equipe, gamertag) VALUES (2, 'TIGER');
INSERT INTO JOGADOR_EQUIPE (id_equipe, gamertag) VALUES (2, 'Yang');

INSERT INTO JOGADOR_EQUIPE (id_equipe, gamertag) VALUES (3, 'FREIRE');
INSERT INTO JOGADOR_EQUIPE (id_equipe, gamertag) VALUES (3, 'CROKK');
INSERT INTO JOGADOR_EQUIPE (id_equipe, gamertag) VALUES (4, 'ASLAN');
INSERT INTO JOGADOR_EQUIPE (id_equipe, gamertag) VALUES (4, 'FREIRE');
INSERT INTO JOGADOR_EQUIPE (id_equipe, gamertag) VALUES (4, 'CROKK');

INSERT INTO JOGADOR_EQUIPE (id_equipe, gamertag) VALUES (5, 'TAY');
INSERT INTO JOGADOR_EQUIPE (id_equipe, gamertag) VALUES (5, 'RAZ');
INSERT INTO JOGADOR_EQUIPE (id_equipe, gamertag) VALUES (5, 'SLAYER');

INSERT INTO JOGADOR_EQUIPE (id_equipe, gamertag) VALUES (6, 'WIZER');
INSERT INTO JOGADOR_EQUIPE (id_equipe, gamertag) VALUES (7, 'OWSLA');
INSERT INTO JOGADOR_EQUIPE (id_equipe, gamertag) VALUES (7, 'YURIK');
INSERT INTO JOGADOR_EQUIPE (id_equipe, gamertag) VALUES (7, 'WIZER');


INSERT INTO JOGADOR_EQUIPE (id_equipe, gamertag) VALUES (8, 'LEP');
INSERT INTO JOGADOR_EQUIPE (id_equipe, gamertag) VALUES (8, 'NAWKIN');
INSERT INTO JOGADOR_EQUIPE (id_equipe, gamertag) VALUES (9, 'DRDOOM');
INSERT INTO JOGADOR_EQUIPE (id_equipe, gamertag) VALUES (9, 'LEP');
INSERT INTO JOGADOR_EQUIPE (id_equipe, gamertag) VALUES (9, 'NAWKIN');

INSERT INTO JOGADOR_EQUIPE (id_equipe, gamertag) VALUES (10, 'LOOP');
INSERT INTO JOGADOR_EQUIPE (id_equipe, gamertag) VALUES (10, 'SPEEDY');
INSERT INTO JOGADOR_EQUIPE (id_equipe, gamertag) VALUES (10, 'KRAZY');

INSERT INTO JOGADOR_EQUIPE (id_equipe, gamertag) VALUES (11, 'ROBO');
INSERT INTO JOGADOR_EQUIPE (id_equipe, gamertag) VALUES (11, 'NINJAX');
INSERT INTO JOGADOR_EQUIPE (id_equipe, gamertag) VALUES (11, 'SALAMASTER');
INSERT INTO JOGADOR_EQUIPE (id_equipe, gamertag) VALUES (12, 'ROBO');
INSERT INTO JOGADOR_EQUIPE (id_equipe, gamertag) VALUES (12, 'NINJAX');
INSERT INTO JOGADOR_EQUIPE (id_equipe, gamertag) VALUES (12, 'SALAMASTER');
----------------------------------------------------------------------------------------------------------------------------------------------------

/* DADOS PARA TABELA PATROCINIO EQUIPE */

INSERT INTO patrocinio_equipe (patrocinador, id_equipe, quantia)
	VALUES ('Nestle', 1, 10534);
INSERT INTO patrocinio_equipe (patrocinador, id_equipe, quantia)
	VALUES ('Google', 3, 1534);

----------------------------------------------------------------------------------------------------------------------------------------------------

/* DADOS PARA PARTIDA  */

INSERT INTO partida (data, local, id_campeonato)
	VALUES ('2019-12-10 16:00:01', 'bloco 10 sala 102', 1) ;
INSERT INTO partida (data, local, id_campeonato)
	VALUES ('2019-12-10 10:00:01','bloco 3 sala 35', 1) ;

----------------------------------------------------------------------------------------------------------------------------------------------------

/* DADOS PARA TABELA EQUIPE_JOGA */

INSERT INTO equipe_joga (id_equipe, id_partida, colocacao) VALUES (1, 1, 2);
INSERT INTO equipe_joga (id_equipe, id_partida, colocacao) VALUES (2, 2, 3);
INSERT INTO equipe_joga (id_equipe, id_partida, colocacao) VALUES (3, 1, 1);

----------------------------------------------------------------------------------------------------------------------------------------------------

/* DADOS PARA TABELA juiz_arbitra */

INSERT INTO juiz_arbitra (id_partida, juiz) VALUES (1,'40056029861');
INSERT INTO juiz_arbitra (id_partida, juiz) VALUES (2,'50056029861');

----------------------------------------------------------------------------------------------------------------------------------------------------

/* DADOS PARA TABELA ASSISTIR */

INSERT INTO assistir (email, id_partida) VALUES ('teste@gmail.com', 1);
INSERT INTO assistir (email, id_partida) VALUES ('teste2@gmail.com', 1);
INSERT INTO assistir (email, id_partida) VALUES ('teste3@gmail.com', 2);

----------------------------------------------------------------------------------------------------------------------------------------------------

/* DADOS PARA TABELA COMENTARIO */

INSERT INTO comentario (id_assistir, horario, texto) VALUES ('2', NOW(), 'texto de exemplo do comentario');

INSERT INTO comentario (id_assistir, horario, texto) VALUES ('1', NOW(), 'comentario 2');

------------------------------------------------

